{"type": {"data": [[2, 0, -0.0], [0, 2, -0.0], [1, 1, 1.0]], "entropy": 0.3333333333333333, "information_gain": 0.6666666666666667}, "colour": {"data": [[1, 1, 1.0], [1, 1, 1.0], [1, 1, 1.0]], "entropy": 1.0, "information_gain": 0.0}}